{
  "Image": "quay.io/skyport/java:21",
  "AltImages": [
    "quay.io/skyport/java:21",
    "quay.io/skyport/java:17"
  ],
  "Cmd": "",
  "Env": [
    "START=java -Xms128M -XX:MaxRAMPercentage=95.0 -Dterminal.jline=false -Dterminal.ansi=true -jar server.jar"
  ],
  "Scripts": {
    "Install": [
      {
        "Uri": "https://download.getbukkit.org/spigot/spigot-{{Version}}.jar",
        "Path": "server.jar"
      },
      {
        "Uri": "https://raw.githubusercontent.com/skyportlabs/images_v2/main/spigotmc/server.properties",
        "Path": "server.properties"
      }
    ]
  },
  "Variables": {
    "Version": {
      "type": "text",
      "default": "1.21",
      "required": true
    }
  },
  "Name": "Minecraft Java: SpigotMC",
  "Description": "SpigotMC is a high-performance, open-source server software for Minecraft, designed to enhance and optimize the game's multiplayer experience. It offers extensive configuration options, a vibrant plugin ecosystem, and active community support, making it a popular choice for server administrators seeking to improve gameplay and server performance.",
  "Author": "info@skyport.dev",
  "AuthorName": "Skyport Labs",
  "Meta": {
    "Version": "Skyport Images v2"
  }
}
